{
  "Aeldari": {
    "Fire Dragons - Melta - Token - Ex Firepike": {
      "Hormagaunts": {
        "phase": "Ranged",
        "mean_damage": 2.763,
        "std_damage": 1.1031006300424273,
        "mean_models_killed": 2.763,
        "std_models_killed": 1.1031006300424273
      },
      "Boyz": {
        "phase": "Ranged",
        "mean_damage": 2.308,
        "std_damage": 1.109114962481347,
        "mean_models_killed": 2.308,
        "std_models_killed": 1.109114962481347
      },
      "Necron Warriors": {
        "phase": "Ranged",
        "mean_damage": 2.7995,
        "std_damage": 1.1100899738309504,
        "mean_models_killed": 2.7995,
        "std_models_killed": 1.1100899738309504
      },
      "Battle Sisters Squad": {
        "phase": "Ranged",
        "mean_damage": 2.3215,
        "std_damage": 1.1358423085974567,
        "mean_models_killed": 2.3215,
        "std_models_killed": 1.1358423085974567
      },
      "Nobz": {
        "phase": "Ranged",
        "mean_damage": 4.768,
        "std_damage": 2.2392355838544544,
        "mean_models_killed": 2.384,
        "std_models_killed": 1.1196177919272272
      },
      "Intercessor Squad": {
        "phase": "Ranged",
        "mean_damage": 4.601,
        "std_damage": 2.2173856227548696,
        "mean_models_killed": 2.3005,
        "std_models_killed": 1.1086928113774348
      },
      "Einhyr Hearthguard": {
        "phase": "Ranged",
        "mean_damage": 3.075,
        "std_damage": 2.004588486448029,
        "mean_models_killed": 1.5375,
        "std_models_killed": 1.0022942432240145
      },
      "Aggressor Squad": {
        "phase": "Ranged",
        "mean_damage": 5.9115,
        "std_damage": 3.3549467581468413,
        "mean_models_killed": 1.9705,
        "std_models_killed": 1.118315586048947
      },
      "Terminator Squad": {
        "phase": "Ranged",
        "mean_damage": 3.393,
        "std_damage": 2.7834422932764387,
        "mean_models_killed": 1.131,
        "std_models_killed": 0.9278140977588129
      },
      "Custodian Guard": {
        "phase": "Ranged",
        "mean_damage": 3.4095,
        "std_damage": 2.888219131229485,
        "mean_models_killed": 1.1365,
        "std_models_killed": 0.9627397104098282
      },
      "Trukk": {
        "phase": "Ranged",
        "mean_damage": 17.63,
        "std_damage": 5.488815901449055,
        "mean_models_killed": 1.3955,
        "std_models_killed": 0.5753952989032844
      },
      "Falcon": {
        "phase": "Ranged",
        "mean_damage": 17.3035,
        "std_damage": 6.486785625408011,
        "mean_models_killed": 1.111,
        "std_models_killed": 0.612110284180882
      },
      "Armiger Warglaive": {
        "phase": "Ranged",
        "mean_damage": 11.585,
        "std_damage": 6.456219869242373,
        "mean_models_killed": 0.6245,
        "std_models_killed": 0.5903386739829942
      },
      "Vindicator": {
        "phase": "Ranged",
        "mean_damage": 11.87,
        "std_damage": 6.877943006451857,
        "mean_models_killed": 0.5045,
        "std_models_killed": 0.5384976787322301
      },
      "Transcendant C'tan": {
        "phase": "Ranged",
        "mean_damage": 5.0665,
        "std_damage": 3.749276963629121,
        "mean_models_killed": 0.0655,
        "std_models_killed": 0.24740604277179654
      },
      "Knight Paladin": {
        "phase": "Ranged",
        "mean_damage": 10.609,
        "std_damage": 6.681849968384504,
        "mean_models_killed": 0.072,
        "std_models_killed": 0.2584879107424562
      }
    }
  }
}