{
  "Aeldari 2025.05.21": {
    "Simple Banshee Test": {
      "Hormagaunts": {
        "phase": "Unknown",
        "mean_damage": 8.285,
        "std_damage": 1.8508849234893023,
        "mean_models_killed": 8.285,
        "std_models_killed": 1.8508849234893023
      },
      "Boyz": {
        "phase": "Unknown",
        "mean_damage": 7.773,
        "std_damage": 1.8208434858603308,
        "mean_models_killed": 7.773,
        "std_models_killed": 1.8208434858603308
      },
      "Necron Warriors": {
        "phase": "Unknown",
        "mean_damage": 6.784,
        "std_damage": 1.8442732986192691,
        "mean_models_killed": 6.784,
        "std_models_killed": 1.8442732986192691
      },
      "Nobz": {
        "phase": "Unknown",
        "mean_damage": 13.794,
        "std_damage": 3.6966963629705916,
        "mean_models_killed": 6.897,
        "std_models_killed": 1.8483481814852958
      },
      "Intercessor Squad": {
        "phase": "Unknown",
        "mean_damage": 11.166,
        "std_damage": 3.677559516853534,
        "mean_models_killed": 5.583,
        "std_models_killed": 1.838779758426767
      },
      "Einhyr Hearthguard": {
        "phase": "Unknown",
        "mean_damage": 7.976,
        "std_damage": 3.4570831635932624,
        "mean_models_killed": 3.988,
        "std_models_killed": 1.7285415817966312
      },
      "Aggressor Squad": {
        "phase": "Unknown",
        "mean_damage": 9.894,
        "std_damage": 3.7556309722868138,
        "mean_models_killed": 2.954,
        "std_models_killed": 1.2751015645822101
      },
      "Terminator Squad": {
        "phase": "Unknown",
        "mean_damage": 8.784,
        "std_damage": 3.565858101495347,
        "mean_models_killed": 2.594,
        "std_models_killed": 1.2120907556779732
      },
      "Custodian Guard": {
        "phase": "Unknown",
        "mean_damage": 7.707,
        "std_damage": 3.3948712788557973,
        "mean_models_killed": 2.237,
        "std_models_killed": 1.1396626693894998
      },
      "Trukk": {
        "phase": "Unknown",
        "mean_damage": 5.642,
        "std_damage": 3.2649404282467387,
        "mean_models_killed": 0.146,
        "std_models_killed": 0.35310621631458144
      },
      "Falcon": {
        "phase": "Unknown",
        "mean_damage": 4.751,
        "std_damage": 3.1319321512446594,
        "mean_models_killed": 0.039,
        "std_models_killed": 0.19359493795035035
      },
      "Armiger Warglaive": {
        "phase": "Unknown",
        "mean_damage": 4.695,
        "std_damage": 3.1244159454208393,
        "mean_models_killed": 0.02,
        "std_models_killed": 0.13999999999999999
      },
      "Gladiator Lancer": {
        "phase": "Unknown",
        "mean_damage": 4.583,
        "std_damage": 3.106301820493302,
        "mean_models_killed": 0.021,
        "std_models_killed": 0.14338409953687334
      },
      "Transcendant C'tan": {
        "phase": "Unknown",
        "mean_damage": 5.646,
        "std_damage": 3.408912436540428,
        "mean_models_killed": 0.054,
        "std_models_killed": 0.22601769842204836
      },
      "Knight Paladin": {
        "phase": "Unknown",
        "mean_damage": 3.135,
        "std_damage": 2.498954781503659,
        "mean_models_killed": 0.0,
        "std_models_killed": 0.0
      }
    }
  },
  "Adeptus Custodes 2025.05.24": {
    "Simple Custodian Guard Test": {
      "Hormagaunts": {
        "phase": "Unknown",
        "mean_damage": 10.38,
        "std_damage": 1.8109665927343885,
        "mean_models_killed": 10.38,
        "std_models_killed": 1.8109665927343885
      },
      "Boyz": {
        "phase": "Unknown",
        "mean_damage": 8.365,
        "std_damage": 1.860047042415863,
        "mean_models_killed": 8.365,
        "std_models_killed": 1.860047042415863
      },
      "Necron Warriors": {
        "phase": "Unknown",
        "mean_damage": 6.989,
        "std_damage": 1.8843776160844197,
        "mean_models_killed": 6.989,
        "std_models_killed": 1.8843776160844197
      },
      "Nobz": {
        "phase": "Unknown",
        "mean_damage": 13.75,
        "std_damage": 3.91886463149724,
        "mean_models_killed": 6.875,
        "std_models_killed": 1.95943231574862
      },
      "Intercessor Squad": {
        "phase": "Unknown",
        "mean_damage": 11.08,
        "std_damage": 3.6311981493716368,
        "mean_models_killed": 5.54,
        "std_models_killed": 1.8155990746858184
      },
      "Einhyr Hearthguard": {
        "phase": "Unknown",
        "mean_damage": 8.492,
        "std_damage": 3.49598855833368,
        "mean_models_killed": 4.246,
        "std_models_killed": 1.74799427916684
      },
      "Aggressor Squad": {
        "phase": "Unknown",
        "mean_damage": 8.692,
        "std_damage": 2.9050191049285714,
        "mean_models_killed": 2.58,
        "std_models_killed": 1.002796090937734
      },
      "Terminator Squad": {
        "phase": "Unknown",
        "mean_damage": 6.469,
        "std_damage": 2.5890227886212203,
        "mean_models_killed": 1.829,
        "std_models_killed": 0.9065092387835879
      },
      "Custodian Guard": {
        "phase": "Unknown",
        "mean_damage": 6.524,
        "std_damage": 2.596810351180848,
        "mean_models_killed": 1.848,
        "std_models_killed": 0.9115349691591651
      },
      "Trukk": {
        "phase": "Unknown",
        "mean_damage": 7.12,
        "std_damage": 3.1025151087464504,
        "mean_models_killed": 0.273,
        "std_models_killed": 0.44550084175004656
      },
      "Falcon": {
        "phase": "Unknown",
        "mean_damage": 5.65,
        "std_damage": 3.0347158021798353,
        "mean_models_killed": 0.049,
        "std_models_killed": 0.21586801523152982
      },
      "Armiger Warglaive": {
        "phase": "Unknown",
        "mean_damage": 5.424,
        "std_damage": 2.948257790628221,
        "mean_models_killed": 0.04,
        "std_models_killed": 0.19595917942265428
      },
      "Gladiator Lancer": {
        "phase": "Unknown",
        "mean_damage": 5.61,
        "std_damage": 2.957684905462379,
        "mean_models_killed": 0.042,
        "std_models_killed": 0.20058913230780973
      },
      "Transcendant C'tan": {
        "phase": "Unknown",
        "mean_damage": 7.058,
        "std_damage": 3.2675122034967212,
        "mean_models_killed": 0.114,
        "std_models_killed": 0.317811264746862
      },
      "Knight Paladin": {
        "phase": "Unknown",
        "mean_damage": 5.556,
        "std_damage": 3.054646297036696,
        "mean_models_killed": 0.0,
        "std_models_killed": 0.0
      }
    }
  }
}