{
  "Aeldari": {
    "Fire Dragons - Melta - Token - Ex Firepike": {
      "Hormagaunts": {
        "phase": "Ranged",
        "mean_damage": 2.8045,
        "std_damage": 1.085485951083661,
        "mean_models_killed": 2.8045,
        "std_models_killed": 1.085485951083661,
        "pnts_killed_per_point": 0.16572045454545456,
        "std_dev_pnts_killed_per_point": 0.06414235165494361
      },
      "Boyz": {
        "phase": "Ranged",
        "mean_damage": 2.3095,
        "std_damage": 1.0957690221940024,
        "mean_models_killed": 2.3095,
        "std_models_killed": 1.0957690221940024,
        "pnts_killed_per_point": 0.16796363636363634,
        "std_dev_pnts_killed_per_point": 0.07969229252320018
      },
      "Necron Warriors": {
        "phase": "Ranged",
        "mean_damage": 2.7845,
        "std_damage": 1.125193205631815,
        "mean_models_killed": 2.7845,
        "std_models_killed": 1.125193205631815,
        "pnts_killed_per_point": 0.2278227272727273,
        "std_dev_pnts_killed_per_point": 0.09206126227896669
      },
      "Battle Sisters Squad": {
        "phase": "Ranged",
        "mean_damage": 2.294,
        "std_damage": 1.0883767729972926,
        "mean_models_killed": 2.294,
        "std_models_killed": 1.0883767729972926,
        "pnts_killed_per_point": 0.21897272727272726,
        "std_dev_pnts_killed_per_point": 0.10389051014974156
      },
      "Nobz": {
        "phase": "Ranged",
        "mean_damage": 4.662,
        "std_damage": 2.2157969221027454,
        "mean_models_killed": 2.331,
        "std_models_killed": 1.1078984610513727,
        "pnts_killed_per_point": 0.4450090909090909,
        "std_dev_pnts_killed_per_point": 0.21150788801889844
      },
      "Intercessor Squad": {
        "phase": "Ranged",
        "mean_damage": 4.58,
        "std_damage": 2.188058500132023,
        "mean_models_killed": 2.29,
        "std_models_killed": 1.0940292500660116,
        "pnts_killed_per_point": 0.3330909090909091,
        "std_dev_pnts_killed_per_point": 0.15913152728232896
      },
      "Einhyr Hearthguard": {
        "phase": "Ranged",
        "mean_damage": 3.111,
        "std_damage": 2.0296992388036212,
        "mean_models_killed": 1.5555,
        "std_models_killed": 1.0148496194018106,
        "pnts_killed_per_point": 0.4242272727272728,
        "std_dev_pnts_killed_per_point": 0.2767771689277665
      },
      "Aggressor Squad": {
        "phase": "Ranged",
        "mean_damage": 5.82,
        "std_damage": 3.2190992528966853,
        "mean_models_killed": 1.9400000000000002,
        "std_models_killed": 1.073033084298895,
        "pnts_killed_per_point": 0.7054545454545456,
        "std_dev_pnts_killed_per_point": 0.39019384883596187
      },
      "Terminator Squad": {
        "phase": "Ranged",
        "mean_damage": 3.384,
        "std_damage": 2.8088332097153796,
        "mean_models_killed": 1.128,
        "std_models_killed": 0.9362777365717933,
        "pnts_killed_per_point": 1.743272727272727,
        "std_dev_pnts_killed_per_point": 1.4469746837927713
      },
      "Custodian Guard": {
        "phase": "Ranged",
        "mean_damage": 3.573,
        "std_damage": 2.872049964746435,
        "mean_models_killed": 1.191,
        "std_models_killed": 0.9573499882488116,
        "pnts_killed_per_point": 0.36812727272727275,
        "std_dev_pnts_killed_per_point": 0.29590817818599635
      },
      "Trukk": {
        "phase": "Ranged",
        "mean_damage": 17.6355,
        "std_damage": 5.695668507734627,
        "mean_models_killed": 1.76355,
        "std_models_killed": 0.5695668507734627,
        "pnts_killed_per_point": 1.0420977272727272,
        "std_dev_pnts_killed_per_point": 0.3365622300025007
      },
      "Falcon": {
        "phase": "Ranged",
        "mean_damage": 17.3925,
        "std_damage": 6.678880426388843,
        "mean_models_killed": 1.4493749999999999,
        "std_models_killed": 0.5565733688657369,
        "pnts_killed_per_point": 1.7128977272727273,
        "std_dev_pnts_killed_per_point": 0.6577685268413255
      },
      "Hive Tyrant": {
        "phase": "Ranged",
        "mean_damage": 8.1675,
        "std_damage": 5.3205679912956665,
        "mean_models_killed": 0.8167500000000001,
        "std_models_killed": 0.5320567991295666,
        "pnts_killed_per_point": 1.670625,
        "std_dev_pnts_killed_per_point": 1.0882979982195682
      },
      "Armiger Warglaive": {
        "phase": "Ranged",
        "mean_damage": 10.1465,
        "std_damage": 5.906440362011623,
        "mean_models_killed": 0.8455416666666666,
        "std_models_killed": 0.4922033635009686,
        "pnts_killed_per_point": 1.0761439393939394,
        "std_dev_pnts_killed_per_point": 0.6264406444557782
      },
      "Vindicator": {
        "phase": "Ranged",
        "mean_damage": 12.32,
        "std_damage": 6.927019561109958,
        "mean_models_killed": 0.88,
        "std_models_killed": 0.49478711150785415,
        "pnts_killed_per_point": 1.4800000000000002,
        "std_dev_pnts_killed_per_point": 0.8321419602632093
      },
      "Transcendant C'tan": {
        "phase": "Ranged",
        "mean_damage": 4.7345,
        "std_damage": 3.5920759666243143,
        "mean_models_killed": 0.3945416666666666,
        "std_models_killed": 0.29933966388535954,
        "pnts_killed_per_point": 1.058089015151515,
        "std_dev_pnts_killed_per_point": 0.8027745531471006
      },
      "Knight Paladin": {
        "phase": "Ranged",
        "mean_damage": 10.4375,
        "std_damage": 6.460347804104668,
        "mean_models_killed": 0.4744318181818182,
        "std_models_killed": 0.29365217291384854,
        "pnts_killed_per_point": 1.746771694214876,
        "std_dev_pnts_killed_per_point": 1.0811739093646242
      }
    },
    "Wraithlord - BLs, Flamers": {
      "Hormagaunts": {
        "phase": "Ranged",
        "mean_damage": 3.1645,
        "std_damage": 1.5923064246557572,
        "mean_models_killed": 3.1645,
        "std_models_killed": 1.5923064246557572,
        "pnts_killed_per_point": 0.14692321428571428,
        "std_dev_pnts_killed_per_point": 0.073928512573303
      },
      "Boyz": {
        "phase": "Ranged",
        "mean_damage": 1.993,
        "std_damage": 1.2934260705583447,
        "mean_models_killed": 1.993,
        "std_models_killed": 1.2934260705583447,
        "pnts_killed_per_point": 0.1138857142857143,
        "std_dev_pnts_killed_per_point": 0.07391006117476255
      },
      "Necron Warriors": {
        "phase": "Ranged",
        "mean_damage": 1.8665,
        "std_damage": 1.2671534042885257,
        "mean_models_killed": 1.8665,
        "std_models_killed": 1.2671534042885257,
        "pnts_killed_per_point": 0.11998928571428571,
        "std_dev_pnts_killed_per_point": 0.08145986170426237
      },
      "Battle Sisters Squad": {
        "phase": "Ranged",
        "mean_damage": 2.061,
        "std_damage": 1.404378510231483,
        "mean_models_killed": 2.061,
        "std_models_killed": 1.404378510231483,
        "pnts_killed_per_point": 0.154575,
        "std_dev_pnts_killed_per_point": 0.10532838826736123
      },
      "Nobz": {
        "phase": "Ranged",
        "mean_damage": 2.121,
        "std_damage": 1.6038575373143338,
        "mean_models_killed": 1.0605,
        "std_models_killed": 0.8019287686571669,
        "pnts_killed_per_point": 0.159075,
        "std_dev_pnts_killed_per_point": 0.12028931529857503
      },
      "Intercessor Squad": {
        "phase": "Ranged",
        "mean_damage": 2.218,
        "std_damage": 1.6638737932908254,
        "mean_models_killed": 1.109,
        "std_models_killed": 0.8319368966454127,
        "pnts_killed_per_point": 0.12674285714285713,
        "std_dev_pnts_killed_per_point": 0.09507850247376146
      },
      "Einhyr Hearthguard": {
        "phase": "Ranged",
        "mean_damage": 1.2245,
        "std_damage": 1.3023439445860683,
        "mean_models_killed": 0.61225,