{
  "Aeldari": {
    "Fire Dragons - Melta - Token - Ex Firepike": {
      "Hormagaunts": {
        "phase": "Ranged",
        "mean_damage": 2.8005,
        "std_damage": 1.1143158214797098,
        "mean_models_killed": 2.8005,
        "std_models_killed": 1.1143158214797098
      },
      "Boyz": {
        "phase": "Ranged",
        "mean_damage": 2.3085,
        "std_damage": 1.1087505355128358,
        "mean_models_killed": 2.3085,
        "std_models_killed": 1.1087505355128358
      },
      "Necron Warriors": {
        "phase": "Ranged",
        "mean_damage": 2.774,
        "std_damage": 1.09677892029342,
        "mean_models_killed": 2.774,
        "std_models_killed": 1.09677892029342
      },
      "Battle Sisters Squad": {
        "phase": "Ranged",
        "mean_damage": 2.804,
        "std_damage": 1.0970797600903957,
        "mean_models_killed": 2.804,
        "std_models_killed": 1.0970797600903957
      },
      "Nobz": {
        "phase": "Ranged",
        "mean_damage": 4.696,
        "std_damage": 2.192620350174649,
        "mean_models_killed": 2.348,
        "std_models_killed": 1.0963101750873245
      },
      "Intercessor Squad": {
        "phase": "Ranged",
        "mean_damage": 5.634,
        "std_damage": 2.2623094394887713,
        "mean_models_killed": 2.817,
        "std_models_killed": 1.1311547197443856
      },
      "Einhyr Hearthguard": {
        "phase": "Ranged",
        "mean_damage": 3.924,
        "std_damage": 2.192310197029608,
        "mean_models_killed": 1.962,
        "std_models_killed": 1.096155098514804
      },
      "Aggressor Squad": {
        "phase": "Ranged",
        "mean_damage": 7.002,
        "std_damage": 3.352013723122267,
        "mean_models_killed": 2.334,
        "std_models_killed": 1.1173379077074221
      },
      "Terminator Squad": {
        "phase": "Ranged",
        "mean_damage": 5.808,
        "std_damage": 3.1903191062964216,
        "mean_models_killed": 1.936,
        "std_models_killed": 1.0634397020988073
      },
      "Custodian Guard": {
        "phase": "Ranged",
        "mean_damage": 5.793,
        "std_damage": 3.2564015415792937,
        "mean_models_killed": 1.931,
        "std_models_killed": 1.0854671805264313
      },
      "Trukk": {
        "phase": "Ranged",
        "mean_damage": 11.74,
        "std_damage": 5.614837486517308,
        "mean_models_killed": 0.8175,
        "std_models_killed": 0.6133463540284559
      },
      "Falcon": {
        "phase": "Ranged",
        "mean_damage": 10.235,
        "std_damage": 5.905656187080314,
        "mean_models_killed": 0.517,
        "std_models_killed": 0.5556176743049127
      },
      "Armiger Warglaive": {
        "phase": "Ranged",
        "mean_damage": 7.9265,
        "std_damage": 5.6961476236137,
        "mean_models_killed": 0.343,
        "std_models_killed": 0.49734394537382287
      },
      "Vindicator": {
        "phase": "Ranged",
        "mean_damage": 6.8925,
        "std_damage": 5.705080520904153,
        "mean_models_killed": 0.16,
        "std_models_killed": 0.3720215047547654
      },
      "Transcendant C'tan": {
        "phase": "Ranged",
        "mean_damage": 7.673,
        "std_damage": 5.479878739534297,
        "mean_models_killed": 0.314,
        "std_models_killed": 0.4779163106653716
      },
      "Knight Paladin": {
        "phase": "Ranged",
        "mean_damage": 7.961,
        "std_damage": 6.340069321387583,
        "mean_models_killed": 0.03,
        "std_models_killed": 0.1705872210923198
      }
    }
  }
}